"","End.Date","State","YearQuarter","White","Latino","Black","Asian","Indigenous","More than one race","Pacific Islander","End.Date2"
"1",2020-01-31,"United States",NA,3,1,2,0,0,0,0,"Jan 2020"
"2",2020-02-29,"United States",NA,18,4,8,1,0,0,0,"Feb 2020"
"3",2020-03-31,"United States",NA,3283,1133,2193,449,30,19,6,"Mar 2020"
"4",2020-04-30,"United States",NA,36508,12219,18610,3932,329,180,47,"Apr 2020"
"5",2020-05-31,"United States",NA,58318,18446,26462,5585,768,270,85,"May 2020"
"6",2020-06-30,"United States",NA,67319,22747,29919,6281,1153,325,153,"Jun 2020"
"7",2020-07-31,"United States",NA,81266,32775,35524,7146,1586,430,248,"Jul 2020"
"8",2020-08-31,"United States",NA,96558,40585,40924,8003,1920,527,316,"Aug 2020"
"9",2020-09-30,"United States",NA,108126,44163,43922,8611,2166,599,384,"Sep 2020"
"10",2020-10-31,"United States",NA,125750,47567,46716,9136,2585,682,435,"Oct 2020"
"11",2020-11-30,"United States",NA,164893,54540,51686,10221,3381,824,518,"Nov 2020"
"12",2020-12-31,"United States",NA,232928,69504,61581,13599,4618,1147,695,"Dec 2020"
"13",2021-01-31,"United States",NA,299489,89516,73732,18424,5797,1562,886,"Jan 2021"
"14",2021-02-28,"United States",NA,328038,99639,80465,20679,6304,1730,978,"Feb 2021"
"15",2021-03-31,"United States",NA,341630,104145,84191,21750,6483,1810,1017,"Mar 2021"
"16",2021-04-30,"United States",NA,352836,107118,87808,22454,6605,1878,1057,"Apr 2021"
"17",2021-05-31,"United States",NA,361817,109338,90821,22906,6765,1951,1093,"May 2021"
"18",2021-06-30,"United States",NA,366888,110617,92142,23090,6843,1992,1119,"Jun 2021"
"19",2021-07-31,"United States",NA,374132,112281,93924,23343,6966,2060,1176,"Jul 2021"
"20",2021-08-31,"United States",NA,405416,119644,102215,24188,7444,2282,1379,"Aug 2021"
"21",2021-09-30,"United States",NA,448385,128652,111269,25219,8084,2619,1603,"Sep 2021"
"22",2021-10-31,"United States",NA,478830,134045,116195,25964,8663,2842,1713,"Oct 2021"
"23",2021-11-30,"United States",NA,503011,138041,118969,26503,9128,2983,1787,"Nov 2021"
"24",2021-12-31,"United States",NA,537354,142875,123447,27284,9666,3159,1875,"Dec 2021"
"25",2022-01-31,"United States",NA,594009,152859,135271,29481,10352,3524,2034,"Jan 2022"
"26",2022-02-28,"United States",NA,629281,158724,140702,30764,10872,3744,2109,"Feb 2022"
"27",2022-03-31,"United States",NA,640202,160280,142133,31045,11026,3785,2128,"Mar 2022"
"28",2022-04-30,"United States",NA,642849,160585,142385,31123,11046,3796,2132,"Apr 2022"
"29",2020-03-31,"Alabama","2020, Quarter 1",27,0,19,NA,0,NA,0,"Mar 31, 2020"
"30",2020-06-30,"Alabama","2020, Quarter 2",583,40,582,NA,NA,NA,0,"Jun 30, 2020"
"31",2020-09-30,"Alabama","Cumulative from 2020, Quarter 2 through 2020, Quarter 3",2149,96,1351,16,NA,NA,0,"Sep 30, 2020"
"32",2020-12-31,"Alabama","Cumulative from 2020, Quarter 2 through 2020, Quarter 4",4475,134,2047,25,10,NA,NA,"Dec 31, 2020"
"33",2021-03-31,"Alabama","Cumulative from 2020, Quarter 2 through 2021, Quarter 1",7113,191,3095,43,17,NA,NA,"Mar 31, 2021"
"34",2021-06-30,"Alabama","Cumulative from 2020, Quarter 2 through 2021, Quarter 2",7479,197,3280,44,17,NA,NA,"Jun 30, 2021"
"35",2021-09-30,"Alabama","Cumulative from 2020, Quarter 2 through 2021, Quarter 3",10300,293,4240,62,29,NA,NA,"Sep 30, 2021"
"36",2021-12-31,"Alabama","Cumulative from 2020, Quarter 2 through 2021, Quarter 4",11369,332,4568,73,34,NA,NA,"Dec 31, 2021"
"37",2022-03-31,"Alabama","Cumulative from 2020, Quarter 2 through 2022, Quarter 1",13450,375,5251,87,37,NA,NA,"Mar 31, 2022"
"38",2020-03-31,"Alaska","2020, Quarter 1",NA,0,0,0,NA,NA,0,"Mar 31, 2020"
"39",2020-06-30,"Alaska","2020, Quarter 2",NA,0,0,NA,NA,NA,NA,"Jun 30, 2020"
"40",2020-09-30,"Alaska","Cumulative from 2020, Quarter 2 through 2020, Quarter 3",18,0,NA,NA,20,NA,NA,"Sep 30, 2020"
"41",2020-12-31,"Alaska","Cumulative from 2020, Quarter 2 through 2020, Quarter 4",94,NA,NA,28,88,NA,15,"Dec 31, 2020"
"42",2021-03-31,"Alaska","Cumulative from 2020, Quarter 2 through 2021, Quarter 1",122,15,NA,35,111,NA,19,"Mar 31, 2021"
"43",2021-06-30,"Alaska","Cumulative from 2020, Quarter 2 through 2021, Quarter 2",155,16,NA,40,122,NA,21,"Jun 30, 2021"
"44",2021-09-30,"Alaska","Cumulative from 2020, Quarter 2 through 2021, Quarter 3",345,24,15,67,188,NA,34,"Sep 30, 2021"
"45",2021-12-31,"Alaska","Cumulative from 2020, Quarter 2 through 2021, Quarter 4",559,36,25,91,278,NA,55,"Dec 31, 2021"
"46",2022-03-31,"Alaska","Cumulative from 2020, Quarter 2 through 2022, Quarter 1",649,40,29,97,318,NA,60,"Mar 31, 2022"
"47",2020-03-31,"Arizona","2020, Quarter 1",27,11,NA,NA,20,NA,0,"Mar 31, 2020"
"48",2020-06-30,"Arizona","2020, Quarter 2",843,508,65,23,382,NA,NA,"Jun 30, 2020"
"49",2020-09-30,"Arizona","Cumulative from 2020, Quarter 2 through 2020, Quarter 3",2292,1789,179,87,693,NA,15,"Sep 30, 2020"
"50",2020-12-31,"Arizona","Cumulative from 2020, Quarter 2 through 2020, Quarter 4",4573,2967,292,154,1105,NA,25,"Dec 31, 2020"
"51",2021-03-31,"Arizona","Cumulative from 2020, Quarter 2 through 2021, Quarter 1",7965,4805,501,322,1596,NA,36,"Mar 31, 2021"
"52",2021-06-30,"Arizona","Cumulative from 2020, Quarter 2 through 2021, Quarter 2",8324,4995,538,338,1637,NA,36,"Jun 30, 2021"
"53",2021-09-30,"Arizona","Cumulative from 2020, Quarter 2 through 2021, Quarter 3",9636,5640,653,364,1770,NA,46,"Sep 30, 2021"
"54",2021-12-31,"Arizona","Cumulative from 2020, Quarter 2 through 2021, Quarter 4",12683,6904,820,441,2028,NA,59,"Dec 31, 2021"
"55",2022-03-31,"Arizona","Cumulative from 2020, Quarter 2 through 2022, Quarter 1",15173,7774,968,489,2229,NA,65,"Mar 31, 2022"
"56",2020-03-31,"Arkansas","2020, Quarter 1",NA,0,NA,0,NA,NA,0,"Mar 31, 2020"
"57",2020-06-30,"Arkansas","2020, Quarter 2",167,25,76,NA,0,NA,37,"Jun 30, 2020"
"58",2020-09-30,"Arkansas","Cumulative from 2020, Quarter 2 through 2020, Quarter 3",941,97,294,18,NA,NA,50,"Sep 30, 2020"
"59",2020-12-31,"Arkansas","Cumulative from 2020, Quarter 2 through 2020, Quarter 4",3125,159,603,34,28,NA,55,"Dec 31, 2020"
"60",2021-03-31,"Arkansas","Cumulative from 2020, Quarter 2 through 2021, Quarter 1",4608,228,884,47,38,NA,57,"Mar 31, 2021"
"61",2021-06-30,"Arkansas","Cumulative from 2020, Quarter 2 through 2021, Quarter 2",4836,243,943,48,39,NA,59,"Jun 30, 2021"
"62",2021-09-30,"Arkansas","Cumulative from 2020, Quarter 2 through 2021, Quarter 3",6554,330,1247,56,50,NA,67,"Sep 30, 2021"
"63",2021-12-31,"Arkansas","Cumulative from 2020, Quarter 2 through 2021, Quarter 4",7411,356,1341,60,66,NA,69,"Dec 31, 2021"
"64",2022-03-31,"Arkansas","Cumulative from 2020, Quarter 2 through 2022, Quarter 1",8891,398,1540,67,77,NA,72,"Mar 31, 2022"
"65",2020-03-31,"California","2020, Quarter 1",127,78,26,47,NA,NA,NA,"Mar 31, 2020"
"66",2020-06-30,"California","2020, Quarter 2",2020,2968,589,933,17,NA,19,"Jun 30, 2020"
"67",2020-09-30,"California","Cumulative from 2020, Quarter 2 through 2020, Quarter 3",4901,7999,1226,1924,58,NA,78,"Sep 30, 2020"
"68",2020-12-31,"California","Cumulative from 2020, Quarter 2 through 2020, Quarter 4",10874,15817,2255,4003,150,NA,185,"Dec 31, 2020"
"69",2021-03-31,"California","Cumulative from 2020, Quarter 2 through 2021, Quarter 1",20130,30387,3992,7988,291,NA,344,"Mar 31, 2021"
"70",2021-06-30,"California","Cumulative from 2020, Quarter 2 through 2021, Quarter 2",20953,31246,4176,8195,313,NA,368,"Jun 30, 2021"
"71",2021-09-30,"California","Cumulative from 2020, Quarter 2 through 2021, Quarter 3",24431,34474,5010,8779,405,NA,490,"Sep 30, 2021"
"72",2021-12-31,"California","Cumulative from 2020, Quarter 2 through 2021, Quarter 4",27803,37385,5491,9292,488,NA,546,"Dec 31, 2021"
"73",2022-03-31,"California","Cumulative from 2020, Quarter 2 through 2022, Quarter 1",33299,41918,6459,10539,594,NA,629,"Mar 31, 2022"
"74",2020-03-31,"Colorado","2020, Quarter 1",71,19,13,NA,0,NA,0,"Mar 31, 2020"
"75",2020-06-30,"Colorado","2020, Quarter 2",1013,395,126,60,12,NA,12,"Jun 30, 2020"
"76",2020-09-30,"Colorado","Cumulative from 2020, Quarter 2 through 2020, Quarter 3",1229,520,146,74,22,NA,12,"Sep 30, 2020"
"77",2020-12-31,"Colorado","Cumulative from 2020, Quarter 2 through 2020, Quarter 4",3263,1281,241,164,58,NA,17,"Dec 31, 2020"
"78",2021-03-31,"Colorado","Cumulative from 2020, Quarter 2 through 2021, Quarter 1",4151,1567,290,200,84,NA,19,"Mar 31, 2021"
"79",2021-06-30,"Colorado","Cumulative from 2020, Quarter 2 through 2021, Quarter 2",4604,1768,330,217,94,NA,22,"Jun 30, 2021"
"80",2021-09-30,"Colorado","Cumulative from 2020, Quarter 2 through 2021, Quarter 3",5329,2019,372,233,109,NA,26,"Sep 30, 2021"
"81",2021-12-31,"Colorado","Cumulative from 2020, Quarter 2 through 2021, Quarter 4",7447,2756,490,285,146,NA,31,"Dec 31, 2021"
"82",2022-03-31,"Colorado","Cumulative from 2020, Quarter 2 through 2022, Quarter 1",8776,3203,558,319,173,NA,31,"Mar 31, 2022"
"83",2020-03-31,"Connecticut","2020, Quarter 1",91,10,20,NA,0,NA,0,"Mar 31, 2020"
"84",2020-06-30,"Connecticut","2020, Quarter 2",3212,421,680,56,NA,NA,0,"Jun 30, 2020"
"85",2020-09-30,"Connecticut","Cumulative from 2020, Quarter 2 through 2020, Quarter 3",3327,439,697,57,NA,NA,0,"Sep 30, 2020"
"86",2020-12-31,"Connecticut","Cumulative from 2020, Quarter 2 through 2020, Quarter 4",4689,628,854,79,NA,NA,0,"Dec 31, 2020"
"87",2021-03-31,"Connecticut","Cumulative from 2020, Quarter 2 through 2021, Quarter 1",6015,848,1023,117,NA,NA,NA,"Mar 31, 2021"
"88",2021-06-30,"Connecticut","Cumulative from 2020, Quarter 2 through 2021, Quarter 2",6215,920,1081,123,NA,NA,NA,"Jun 30, 2021"
"89",2021-09-30,"Connecticut","Cumulative from 2020, Quarter 2 through 2021, Quarter 3",6463,957,1123,128,NA,NA,NA,"Sep 30, 2021"
"90",2021-12-31,"Connecticut","Cumulative from 2020, Quarter 2 through 2021, Quarter 4",7023,1021,1208,141,NA,NA,NA,"Dec 31, 2021"
"91",2022-03-31,"Connecticut","Cumulative from 2020, Quarter 2 through 2022, Quarter 1",8060,1190,1382,162,NA,NA,NA,"Mar 31, 2022"
"92",2020-03-31,"Delaware","2020, Quarter 1",NA,NA,NA,0,0,NA,NA,"Mar 31, 2020"
"93",2020-06-30,"Delaware","2020, Quarter 2",382,25,127,NA,NA,NA,0,"Jun 30, 2020"
"94",2020-09-30,"Delaware","Cumulative from 2020, Quarter 2 through 2020, Quarter 3",432,36,152,NA,NA,NA,0,"Sep 30, 2020"
"95",2020-12-31,"Delaware","Cumulative from 2020, Quarter 2 through 2020, Quarter 4",770,51,251,10,NA,NA,0,"Dec 31, 2020"
"96",2021-03-31,"Delaware","Cumulative from 2020, Quarter 2 through 2021, Quarter 1",1185,70,349,18,NA,NA,0,"Mar 31, 2021"
"97",2021-06-30,"Delaware","Cumulative from 2020, Quarter 2 through 2021, Quarter 2",1282,75,382,20,NA,NA,0,"Jun 30, 2021"
"98",2021-09-30,"Delaware","Cumulative from 2020, Quarter 2 through 2021, Quarter 3",1429,83,430,22,NA,NA,0,"Sep 30, 2021"
"99",2021-12-31,"Delaware","Cumulative from 2020, Quarter 2 through 2021, Quarter 4",1713,102,503,24,NA,NA,NA,"Dec 31, 2021"
"100",2022-03-31,"Delaware","Cumulative from 2020, Quarter 2 through 2022, Quarter 1",2100,119,629,29,NA,NA,NA,"Mar 31, 2022"
"101",2020-03-31,"District of Columbia","2020, Quarter 1",NA,NA,NA,NA,0,NA,NA,"Mar 31, 2020"
"102",2020-06-30,"District of Columbia","2020, Quarter 2",72,93,471,10,NA,NA,0,"Jun 30, 2020"
"103",2020-09-30,"District of Columbia","Cumulative from 2020, Quarter 2 through 2020, Quarter 3",87,111,542,12,NA,NA,0,"Sep 30, 2020"
"104",2020-12-31,"District of Columbia","Cumulative from 2020, Quarter 2 through 2020, Quarter 4",130,150,686,17,NA,NA,0,"Dec 31, 2020"
"105",2021-03-31,"District of Columbia","Cumulative from 2020, Quarter 2 through 2021, Quarter 1",178,196,953,28,NA,NA,0,"Mar 31, 2021"
"106",2021-06-30,"District of Columbia","Cumulative from 2020, Quarter 2 through 2021, Quarter 2",190,204,1045,29,NA,NA,0,"Jun 30, 2021"
"107",2021-09-30,"District of Columbia","Cumulative from 2020, Quarter 2 through 2021, Quarter 3",206,207,1122,34,NA,NA,0,"Sep 30, 2021"
"108",2021-12-31,"District of Columbia","Cumulative from 2020, Quarter 2 through 2021, Quarter 4",223,214,1215,34,NA,NA,0,"Dec 31, 2021"
"109",2022-03-31,"District of Columbia","Cumulative from 2020, Quarter 2 through 2022, Quarter 1",257,228,1420,44,NA,NA,0,"Mar 31, 2022"
"110",2020-03-31,"Florida","2020, Quarter 1",121,34,30,NA,0,NA,0,"Mar 31, 2020"
"111",2020-06-30,"Florida","2020, Quarter 2",1806,1032,805,53,NA,NA,NA,"Jun 30, 2020"
"112",2020-09-30,"Florida","Cumulative from 2020, Quarter 2 through 2020, Quarter 3",7696,4371,3155,211,20,NA,NA,"Sep 30, 2020"
"113",2020-12-31,"Florida","Cumulative from 2020, Quarter 2 through 2020, Quarter 4",11677,5768,3971,301,30,NA,NA,"Dec 31, 2020"
"114",2021-03-31,"Florida","Cumulative from 2020, Quarter 2 through 2021, Quarter 1",17773,8048,5425,460,46,NA,11,"Mar 31, 2021"
"115",2021-06-30,"Florida","Cumulative from 2020, Quarter 2 through 2021, Quarter 2",19683,9028,6108,529,52,NA,12,"Jun 30, 2021"
"116",2021-09-30,"Florida","Cumulative from 2020, Quarter 2 through 2021, Quarter 3",32193,12890,10012,821,98,NA,28,"Sep 30, 2021"
"117",2021-12-31,"Florida","Cumulative from 2020, Quarter 2 through 2021, Quarter 4",34734,13897,10763,875,105,NA,33,"Dec 31, 2021"
"118",2022-03-31,"Florida","Cumulative from 2020, Quarter 2 through 2022, Quarter 1",40643,15708,11888,991,120,NA,37,"Mar 31, 2022"
"119",2020-03-31,"Georgia","2020, Quarter 1",75,NA,136,NA,0,NA,0,"Mar 31, 2020"
"120",2020-06-30,"Georgia","2020, Quarter 2",1198,139,1236,36,NA,NA,NA,"Jun 30, 2020"
"121",2020-09-30,"Georgia","Cumulative from 2020, Quarter 2 through 2020, Quarter 3",3287,467,2858,113,NA,NA,NA,"Sep 30, 2020"
"122",2020-12-31,"Georgia","Cumulative from 2020, Quarter 2 through 2020, Quarter 4",5724,625,3884,180,NA,NA,NA,"Dec 31, 2020"
"123",2021-03-31,"Georgia","Cumulative from 2020, Quarter 2 through 2021, Quarter 1",9810,932,5925,339,13,NA,NA,"Mar 31, 2021"
"124",2021-06-30,"Georgia","Cumulative from 2020, Quarter 2 through 2021, Quarter 2",10442,983,6352,368,14,NA,10,"Jun 30, 2021"
"125",2021-09-30,"Georgia","Cumulative from 2020, Quarter 2 through 2021, Quarter 3",14833,1261,8416,411,24,NA,17,"Sep 30, 2021"
"126",2021-12-31,"Georgia","Cumulative from 2020, Quarter 2 through 2021, Quarter 4",16578,1422,9195,449,26,NA,17,"Dec 31, 2021"
"127",2022-03-31,"Georgia","Cumulative from 2020, Quarter 2 through 2022, Quarter 1",19590,1589,10464,522,27,NA,18,"Mar 31, 2022"
"128",2020-03-31,"Hawaii","2020, Quarter 1",0,0,0,NA,0,NA,0,"Mar 31, 2020"
"129",2020-06-30,"Hawaii","2020, Quarter 2",NA,NA,NA,NA,0,NA,NA,"Jun 30, 2020"
"130",2020-09-30,"Hawaii","Cumulative from 2020, Quarter 2 through 2020, Quarter 3",16,12,NA,122,NA,NA,49,"Sep 30, 2020"
"131",2020-12-31,"Hawaii","Cumulative from 2020, Quarter 2 through 2020, Quarter 4",31,22,NA,183,NA,NA,88,"Dec 31, 2020"
"132",2021-03-31,"Hawaii","Cumulative from 2020, Quarter 2 through 2021, Quarter 1",38,30,NA,226,NA,NA,108,"Mar 31, 2021"
"133",2021-06-30,"Hawaii","Cumulative from 2020, Quarter 2 through 2021, Quarter 2",44,37,NA,243,NA,NA,117,"Jun 30, 2021"
"134",2021-09-30,"Hawaii","Cumulative from 2020, Quarter 2 through 2021, Quarter 3",86,79,NA,392,NA,NA,212,"Sep 30, 2021"
"135",2021-12-31,"Hawaii","Cumulative from 2020, Quarter 2 through 2021, Quarter 4",113,90,NA,452,NA,NA,240,"Dec 31, 2021"
"136",2022-03-31,"Hawaii","Cumulative from 2020, Quarter 2 through 2022, Quarter 1",155,103,NA,588,NA,NA,270,"Mar 31, 2022"
"137",2020-03-31,"Idaho","2020, Quarter 1",NA,NA,0,NA,0,NA,0,"Mar 31, 2020"
"138",2020-06-30,"Idaho","2020, Quarter 2",78,NA,NA,0,NA,NA,0,"Jun 30, 2020"
"139",2020-09-30,"Idaho","Cumulative from 2020, Quarter 2 through 2020, Quarter 3",428,68,NA,NA,NA,NA,0,"Sep 30, 2020"
"140",2020-12-31,"Idaho","Cumulative from 2020, Quarter 2 through 2020, Quarter 4",1306,164,NA,16,28,NA,NA,"Dec 31, 2020"
"141",2021-03-31,"Idaho","Cumulative from 2020, Quarter 2 through 2021, Quarter 1",1696,207,10,21,36,NA,NA,"Mar 31, 2021"
"142",2021-06-30,"Idaho","Cumulative from 2020, Quarter 2 through 2021, Quarter 2",1884,219,10,23,39,NA,NA,"Jun 30, 2021"
"143",2021-09-30,"Idaho","Cumulative from 2020, Quarter 2 through 2021, Quarter 3",2693,301,14,33,52,NA,NA,"Sep 30, 2021"
"144",2021-12-31,"Idaho","Cumulative from 2020, Quarter 2 through 2021, Quarter 4",3749,382,19,41,84,NA,13,"Dec 31, 2021"
"145",2022-03-31,"Idaho","Cumulative from 2020, Quarter 2 through 2022, Quarter 1",4330,413,22,46,94,NA,14,"Mar 31, 2022"
"146",2020-03-31,"Illinois","2020, Quarter 1",68,25,89,NA,NA,NA,0,"Mar 31, 2020"
"147",2020-06-30,"Illinois","2020, Quarter 2",2968,1439,1815,319,NA,NA,NA,"Jun 30, 2020"
"148",2020-09-30,"Illinois","Cumulative from 2020, Quarter 2 through 2020, Quarter 3",3904,1706,2039,368,10,NA,NA,"Sep 30, 2020"
"149",2020-12-31,"Illinois","Cumulative from 2020, Quarter 2 through 2020, Quarter 4",10187,2794,3005,609,15,NA,NA,"Dec 31, 2020"
"150",2021-03-31,"Illinois","Cumulative from 2020, Quarter 2 through 2021, Quarter 1",12881,3398,3567,763,15,NA,NA,"Mar 31, 2021"
"151",2021-06-30,"Illinois","Cumulative from 2020, Quarter 2 through 2021, Quarter 2",13896,3677,4048,821,16,NA,NA,"Jun 30, 2021"
"152",2021-09-30,"Illinois","Cumulative from 2020, Quarter 2 through 2021, Quarter 3",15434,3861,4406,850,18,NA,NA,"Sep 30, 2021"
"153",2021-12-31,"Illinois","Cumulative from 2020, Quarter 2 through 2021, Quarter 4",18131,4230,5019,925,21,NA,NA,"Dec 31, 2021"
"154",2022-03-31,"Illinois","Cumulative from 2020, Quarter 2 through 2022, Quarter 1",21990,4753,6048,1043,25,NA,NA,"Mar 31, 2022"
"155",2020-03-31,"Indiana","2020, Quarter 1",77,NA,48,0,0,NA,0,"Mar 31, 2020"
"156",2020-06-30,"Indiana","2020, Quarter 2",2010,107,545,31,NA,NA,NA,"Jun 30, 2020"
"157",2020-09-30,"Indiana","Cumulative from 2020, Quarter 2 through 2020, Quarter 3",2934,176,685,37,NA,NA,NA,"Sep 30, 2020"
"158",2020-12-31,"Indiana","Cumulative from 2020, Quarter 2 through 2020, Quarter 4",8222,367,1067,83,13,NA,NA,"Dec 31, 2020"
"159",2021-03-31,"Indiana","Cumulative from 2020, Quarter 2 through 2021, Quarter 1",10931,497,1330,116,16,NA,NA,"Mar 31, 2021"
"160",2021-06-30,"Indiana","Cumulative from 2020, Quarter 2 through 2021, Quarter 2",11602,551,1460,119,18,NA,11,"Jun 30, 2021"
"161",2021-09-30,"Indiana","Cumulative from 2020, Quarter 2 through 2021, Quarter 3",13452,636,1659,129,20,NA,11,"Sep 30, 2021"
"162",2021-12-31,"Indiana","Cumulative from 2020, Quarter 2 through 2021, Quarter 4",16864,781,1961,140,25,NA,12,"Dec 31, 2021"
"163",2022-03-31,"Indiana","Cumulative from 2020, Quarter 2 through 2022, Quarter 1",20148,910,2323,154,27,NA,12,"Mar 31, 2022"
"164",2020-03-31,"Iowa","2020, Quarter 1",10,0,0,0,0,NA,0,"Mar 31, 2020"
"165",2020-06-30,"Iowa","2020, Quarter 2",594,60,45,29,13,NA,10,"Jun 30, 2020"
"166",2020-09-30,"Iowa","Cumulative from 2020, Quarter 2 through 2020, Quarter 3",1238,82,69,33,15,NA,11,"Sep 30, 2020"
"167",2020-12-31,"Iowa","Cumulative from 2020, Quarter 2 through 2020, Quarter 4",4398,139,128,56,29,NA,12,"Dec 31, 2020"
"168",2021-03-31,"Iowa","Cumulative from 2020, Quarter 2 through 2021, Quarter 1",5438,169,163,69,43,NA,12,"Mar 31, 2021"
"169",2021-06-30,"Iowa","Cumulative from 2020, Quarter 2 through 2021, Quarter 2",5667,184,172,73,46,NA,12,"Jun 30, 2021"
"170",2021-09-30,"Iowa","Cumulative from 2020, Quarter 2 through 2021, Quarter 3",6234,209,206,77,50,NA,14,"Sep 30, 2021"
"171",2021-12-31,"Iowa","Cumulative from 2020, Quarter 2 through 2021, Quarter 4",7614,252,242,92,58,NA,14,"Dec 31, 2021"
"172",2022-03-31,"Iowa","Cumulative from 2020, Quarter 2 through 2022, Quarter 1",8735,283,295,103,62,NA,15,"Mar 31, 2022"
"173",2020-03-31,"Kansas","2020, Quarter 1",NA,NA,NA,0,0,NA,0,"Mar 31, 2020"
"174",2020-06-30,"Kansas","2020, Quarter 2",177,44,58,NA,NA,NA,NA,"Jun 30, 2020"
"175",2020-09-30,"Kansas","Cumulative from 2020, Quarter 2 through 2020, Quarter 3",551,123,108,15,15,NA,NA,"Sep 30, 2020"
"176",2020-12-31,"Kansas","Cumulative from 2020, Quarter 2 through 2020, Quarter 4",2839,306,212,45,41,NA,NA,"Dec 31, 2020"
"177",2021-03-31,"Kansas","Cumulative from 2020, Quarter 2 through 2021, Quarter 1",3947,395,282,72,56,NA,NA,"Mar 31, 2021"
"178",2021-06-30,"Kansas","Cumulative from 2020, Quarter 2 through 2021, Quarter 2",4114,419,296,75,58,NA,NA,"Jun 30, 2021"
"179",2021-09-30,"Kansas","Cumulative from 2020, Quarter 2 through 2021, Quarter 3",4933,485,381,84,68,NA,10,"Sep 30, 2021"
"180",2021-12-31,"Kansas","Cumulative from 2020, Quarter 2 through 2021, Quarter 4",5935,598,442,102,83,NA,12,"Dec 31, 2021"
"181",2022-03-31,"Kansas","Cumulative from 2020, Quarter 2 through 2022, Quarter 1",7229,710,547,119,89,NA,13,"Mar 31, 2022"
"182",2020-03-31,"Kentucky","2020, Quarter 1",22,0,NA,NA,0,NA,0,"Mar 31, 2020"
"183",2020-06-30,"Kentucky","2020, Quarter 2",514,24,98,12,0,NA,0,"Jun 30, 2020"
"184",2020-09-30,"Kentucky","Cumulative from 2020, Quarter 2 through 2020, Quarter 3",1195,49,168,17,NA,NA,0,"Sep 30, 2020"
"185",2020-12-31,"Kentucky","Cumulative from 2020, Quarter 2 through 2020, Quarter 4",4050,92,440,23,NA,NA,NA,"Dec 31, 2020"
"186",2021-03-31,"Kentucky","Cumulative from 2020, Quarter 2 through 2021, Quarter 1",6333,115,626,34,NA,NA,NA,"Mar 31, 2021"
"187",2021-06-30,"Kentucky","Cumulative from 2020, Quarter 2 through 2021, Quarter 2",6892,121,674,38,NA,NA,NA,"Jun 30, 2021"
"188",2021-09-30,"Kentucky","Cumulative from 2020, Quarter 2 through 2021, Quarter 3",9548,163,850,51,NA,NA,NA,"Sep 30, 2021"
"189",2021-12-31,"Kentucky","Cumulative from 2020, Quarter 2 through 2021, Quarter 4",11991,205,996,62,10,NA,10,"Dec 31, 2021"
"190",2022-03-31,"Kentucky","Cumulative from 2020, Quarter 2 through 2022, Quarter 1",14913,232,1172,73,10,NA,10,"Mar 31, 2022"
"191",2020-03-31,"Louisiana","2020, Quarter 1",113,10,273,NA,0,NA,0,"Mar 31, 2020"
"192",2020-06-30,"Louisiana","2020, Quarter 2",1354,82,1659,19,10,NA,0,"Jun 30, 2020"
"193",2020-09-30,"Louisiana","Cumulative from 2020, Quarter 2 through 2020, Quarter 3",2580,147,2416,33,18,NA,NA,"Sep 30, 2020"
"194",2020-12-31,"Louisiana","Cumulative from 2020, Quarter 2 through 2020, Quarter 4",3849,185,2950,43,23,NA,NA,"Dec 31, 2020"
"195",2021-03-31,"Louisiana","Cumulative from 2020, Quarter 2 through 2021, Quarter 1",5320,251,3660,71,32,NA,NA,"Mar 31, 2021"
"196",2021-06-30,"Louisiana","Cumulative from 2020, Quarter 2 through 2021, Quarter 2",5604,266,3838,73,33,NA,NA,"Jun 30, 2021"
"197",2021-09-30,"Louisiana","Cumulative from 2020, Quarter 2 through 2021, Quarter 3",7857,361,4774,100,62,NA,NA,"Sep 30, 2021"
"198",2021-12-31,"Louisiana","Cumulative from 2020, Quarter 2 through 2021, Quarter 4",8371,393,4990,103,75,NA,NA,"Dec 31, 2021"
"199",2022-03-31,"Louisiana","Cumulative from 2020, Quarter 2 through 2022, Quarter 1",9656,432,5458,112,85,NA,NA,"Mar 31, 2022"
"200",2020-03-31,"Maine","2020, Quarter 1",NA,0,0,0,0,NA,NA,"Mar 31, 2020"
"201",2020-06-30,"Maine","2020, Quarter 2",103,NA,NA,0,0,NA,0,"Jun 30, 2020"
"202",2020-09-30,"Maine","Cumulative from 2020, Quarter 2 through 2020, Quarter 3",146,NA,NA,0,0,NA,0,"Sep 30, 2020"
"203",2020-12-31,"Maine","Cumulative from 2020, Quarter 2 through 2020, Quarter 4",443,NA,NA,0,NA,NA,0,"Dec 31, 2020"
"204",2021-03-31,"Maine","Cumulative from 2020, Quarter 2 through 2021, Quarter 1",805,NA,11,NA,NA,NA,0,"Mar 31, 2021"
"205",2021-06-30,"Maine","Cumulative from 2020, Quarter 2 through 2021, Quarter 2",939,NA,12,NA,NA,NA,0,"Jun 30, 2021"
"206",2021-09-30,"Maine","Cumulative from 2020, Quarter 2 through 2021, Quarter 3",1129,NA,12,NA,NA,NA,0,"Sep 30, 2021"
"207",2021-12-31,"Maine","Cumulative from 2020, Quarter 2 through 2021, Quarter 4",1828,NA,17,NA,NA,NA,0,"Dec 31, 2021"
"208",2022-03-31,"Maine","Cumulative from 2020, Quarter 2 through 2022, Quarter 1",2356,13,18,NA,14,NA,0,"Mar 31, 2022"
"209",2020-03-31,"Maryland","2020, Quarter 1",24,NA,18,NA,0,NA,0,"Mar 31, 2020"
"210",2020-06-30,"Maryland","2020, Quarter 2",1508,394,1474,141,NA,NA,0,"Jun 30, 2020"
"211",2020-09-30,"Maryland","Cumulative from 2020, Quarter 2 through 2020, Quarter 3",1834,497,1809,168,NA,NA,0,"Sep 30, 2020"
"212",2020-12-31,"Maryland","Cumulative from 2020, Quarter 2 through 2020, Quarter 4",3292,652,2514,234,NA,NA,NA,"Dec 31, 2020"
"213",2021-03-31,"Maryland","Cumulative from 2020, Quarter 2 through 2021, Quarter 1",4856,842,3380,350,11,NA,NA,"Mar 31, 2021"
"214",2021-06-30,"Maryland","Cumulative from 2020, Quarter 2 through 2021, Quarter 2",5266,914,3846,384,13,NA,NA,"Jun 30, 2021"
"215",2021-09-30,"Maryland","Cumulative from 2020, Quarter 2 through 2021, Quarter 3",5720,943,4109,403,14,NA,NA,"Sep 30, 2021"
"216",2021-12-31,"Maryland","Cumulative from 2020, Quarter 2 through 2021, Quarter 4",6791,1007,4519,434,17,NA,NA,"Dec 31, 2021"
"217",2022-03-31,"Maryland","Cumulative from 2020, Quarter 2 through 2022, Quarter 1",8358,1105,5323,519,19,NA,NA,"Mar 31, 2022"
"218",2020-03-31,"Massachusetts","2020, Quarter 1",106,10,NA,NA,0,NA,0,"Mar 31, 2020"
"219",2020-06-30,"Massachusetts","2020, Quarter 2",6211,524,670,233,NA,NA,NA,"Jun 30, 2020"
"220",2020-09-30,"Massachusetts","Cumulative from 2020, Quarter 2 through 2020, Quarter 3",6547,559,706,237,NA,NA,NA,"Sep 30, 2020"
"221",2020-12-31,"Massachusetts","Cumulative from 2020, Quarter 2 through 2020, Quarter 4",8162,761,815,318,NA,NA,NA,"Dec 31, 2020"
"222",2021-03-31,"Massachusetts","Cumulative from 2020, Quarter 2 through 2021, Quarter 1",10458,1039,998,433,12,NA,NA,"Mar 31, 2021"
"223",2021-06-30,"Massachusetts","Cumulative from 2020, Quarter 2 through 2021, Quarter 2",10831,1118,1057,461,12,NA,NA,"Jun 30, 2021"
"224",2021-09-30,"Massachusetts","Cumulative from 2020, Quarter 2 through 2021, Quarter 3",11282,1170,1114,471,12,NA,NA,"Sep 30, 2021"
"225",2021-12-31,"Massachusetts","Cumulative from 2020, Quarter 2 through 2021, Quarter 4",12509,1277,1210,525,14,NA,NA,"Dec 31, 2021"
"226",2022-03-31,"Massachusetts","Cumulative from 2020, Quarter 2 through 2022, Quarter 1",14409,1464,1363,589,21,NA,NA,"Mar 31, 2022"
"227",2020-03-31,"Michigan","2020, Quarter 1",156,NA,322,10,0,NA,NA,"Mar 31, 2020"
"228",2020-06-30,"Michigan","2020, Quarter 2",2974,128,2414,89,NA,NA,0,"Jun 30, 2020"
"229",2020-09-30,"Michigan","Cumulative from 2020, Quarter 2 through 2020, Quarter 3",3439,175,2541,99,14,NA,0,"Sep 30, 2020"
"230",2020-12-31,"Michigan","Cumulative from 2020, Quarter 2 through 2020, Quarter 4",8390,409,3124,175,47,NA,NA,"Dec 31, 2020"
"231",2021-03-31,"Michigan","Cumulative from 2020, Quarter 2 through 2021, Quarter 1",10780,536,3529,210,61,NA,NA,"Mar 31, 2021"
"232",2021-06-30,"Michigan","Cumulative from 2020, Quarter 2 through 2021, Quarter 2",13185,703,4274,238,79,NA,NA,"Jun 30, 2021"
"233",2021-09-30,"Michigan","Cumulative from 2020, Quarter 2 through 2021, Quarter 3",14317,745,4478,241,88,NA,10,"Sep 30, 2021"
"234",2021-12-31,"Michigan","Cumulative from 2020, Quarter 2 through 2021, Quarter 4",20134,1025,5357,268,134,NA,10,"Dec 31, 2021"
"235",2022-03-31,"Michigan","Cumulative from 2020, Quarter 2 through 2022, Quarter 1",23646,1167,6099,302,163,NA,11,"Mar 31, 2022"
"236",2020-03-31,"Minnesota","2020, Quarter 1",19,0,NA,NA,0,NA,0,"Mar 31, 2020"
"237",2020-06-30,"Minnesota","2020, Quarter 2",1201,61,137,64,22,NA,0,"Jun 30, 2020"
"238",2020-09-30,"Minnesota","Cumulative from 2020, Quarter 2 through 2020, Quarter 3",1663,90,206,102,29,NA,0,"Sep 30, 2020"
"239",2020-12-31,"Minnesota","Cumulative from 2020, Quarter 2 through 2020, Quarter 4",5035,171,306,219,76,NA,NA,"Dec 31, 2020"
"240",2021-03-31,"Minnesota","Cumulative from 2020, Quarter 2 through 2021, Quarter 1",6165,210,354,285,97,NA,NA,"Mar 31, 2021"
"241",2021-06-30,"Minnesota","Cumulative from 2020, Quarter 2 through 2021, Quarter 2",6675,229,410,314,108,NA,NA,"Jun 30, 2021"
"242",2021-09-30,"Minnesota","Cumulative from 2020, Quarter 2 through 2021, Quarter 3",7174,262,449,341,125,NA,NA,"Sep 30, 2021"
"243",2021-12-31,"Minnesota","Cumulative from 2020, Quarter 2 through 2021, Quarter 4",9448,335,549,422,191,NA,NA,"Dec 31, 2021"
"244",2022-03-31,"Minnesota","Cumulative from 2020, Quarter 2 through 2022, Quarter 1",10848,373,637,490,232,NA,NA,"Mar 31, 2022"
"245",2020-03-31,"Mississippi","2020, Quarter 1",13,0,21,0,0,NA,0,"Mar 31, 2020"
"246",2020-06-30,"Mississippi","2020, Quarter 2",453,15,582,NA,67,NA,0,"Jun 30, 2020"
"247",2020-09-30,"Mississippi","Cumulative from 2020, Quarter 2 through 2020, Quarter 3",1446,36,1485,12,79,NA,NA,"Sep 30, 2020"
"248",2020-12-31,"Mississippi","Cumulative from 2020, Quarter 2 through 2020, Quarter 4",2735,46,2246,25,93,NA,NA,"Dec 31, 2020"
"249",2021-03-31,"Mississippi","Cumulative from 2020, Quarter 2 through 2021, Quarter 1",4072,64,3046,33,117,NA,NA,"Mar 31, 2021"
"250",2021-06-30,"Mississippi","Cumulative from 2020, Quarter 2 through 2021, Quarter 2",4310,71,3225,37,118,NA,NA,"Jun 30, 2021"
"251",2021-09-30,"Mississippi","Cumulative from 2020, Quarter 2 through 2021, Quarter 3",5857,125,4083,50,128,NA,NA,"Sep 30, 2021"
"252",2021-12-31,"Mississippi","Cumulative from 2020, Quarter 2 through 2021, Quarter 4",6360,138,4341,53,134,NA,NA,"Dec 31, 2021"
"253",2022-03-31,"Mississippi","Cumulative from 2020, Quarter 2 through 2022, Quarter 1",7715,152,4932,61,143,NA,NA,"Mar 31, 2022"
"254",2020-03-31,"Missouri","2020, Quarter 1",13,NA,17,0,0,NA,NA,"Mar 31, 2020"
"255",2020-06-30,"Missouri","2020, Quarter 2",650,28,390,17,NA,NA,NA,"Jun 30, 2020"
"256",2020-09-30,"Missouri","Cumulative from 2020, Quarter 2 through 2020, Quarter 3",1813,71,593,29,NA,NA,NA,"Sep 30, 2020"
"257",2020-12-31,"Missouri","Cumulative from 2020, Quarter 2 through 2020, Quarter 4",6708,171,1026,77,30,NA,10,"Dec 31, 2020"
"258",2021-03-31,"Missouri","Cumulative from 2020, Quarter 2 through 2021, Quarter 1",8976,237,1340,99,42,NA,13,"Mar 31, 2021"
"259",2021-06-30,"Missouri","Cumulative from 2020, Quarter 2 through 2021, Quarter 2",9535,251,1462,105,46,NA,15,"Jun 30, 2021"
"260",2021-09-30,"Missouri","Cumulative from 2020, Quarter 2 through 2021, Quarter 3",12237,349,1788,123,63,NA,30,"Sep 30, 2021"
"261",2021-12-31,"Missouri","Cumulative from 2020, Quarter 2 through 2021, Quarter 4",14185,422,2036,137,74,NA,35,"Dec 31, 2021"
"262",2022-03-31,"Missouri","Cumulative from 2020, Quarter 2 through 2022, Quarter 1",17108,474,2425,164,94,NA,41,"Mar 31, 2022"
"263",2020-03-31,"Montana","2020, Quarter 1",NA,0,0,0,0,NA,0,"Mar 31, 2020"
"264",2020-06-30,"Montana","2020, Quarter 2",NA,NA,0,0,NA,NA,0,"Jun 30, 2020"
"265",2020-09-30,"Montana","Cumulative from 2020, Quarter 2 through 2020, Quarter 3",125,NA,NA,NA,65,NA,0,"Sep 30, 2020"
"266",2020-12-31,"Montana","Cumulative from 2020, Quarter 2 through 2020, Quarter 4",958,32,NA,NA,255,NA,NA,"Dec 31, 2020"
"267",2021-03-31,"Montana","Cumulative from 2020, Quarter 2 through 2021, Quarter 1",1225,40,10,NA,288,NA,NA,"Mar 31, 2021"
"268",2021-06-30,"Montana","Cumulative from 2020, Quarter 2 through 2021, Quarter 2",1314,45,11,NA,291,NA,NA,"Jun 30, 2021"
"269",2021-09-30,"Montana","Cumulative from 2020, Quarter 2 through 2021, Quarter 3",1748,63,14,12,326,NA,NA,"Sep 30, 2021"
"270",2021-12-31,"Montana","Cumulative from 2020, Quarter 2 through 2021, Quarter 4",2532,87,17,20,394,NA,NA,"Dec 31, 2021"
"271",2022-03-31,"Montana","Cumulative from 2020, Quarter 2 through 2022, Quarter 1",2903,96,17,22,431,NA,NA,"Mar 31, 2022"
"272",2020-03-31,"Nebraska","2020, Quarter 1",NA,NA,0,0,0,NA,0,"Mar 31, 2020"
"273",2020-06-30,"Nebraska","2020, Quarter 2",177,69,19,12,NA,NA,NA,"Jun 30, 2020"
"274",2020-09-30,"Nebraska","Cumulative from 2020, Quarter 2 through 2020, Quarter 3",394,97,36,12,NA,NA,0,"Sep 30, 2020"
"275",2020-12-31,"Nebraska","Cumulative from 2020, Quarter 2 through 2020, Quarter 4",1940,185,82,18,16,NA,0,"Dec 31, 2020"
"276",2021-03-31,"Nebraska","Cumulative from 2020, Quarter 2 through 2021, Quarter 1",2425,208,103,24,20,NA,0,"Mar 31, 2021"
"277",2021-06-30,"Nebraska","Cumulative from 2020, Quarter 2 through 2021, Quarter 2",2552,223,114,25,21,NA,0,"Jun 30, 2021"
"278",2021-09-30,"Nebraska","Cumulative from 2020, Quarter 2 through 2021, Quarter 3",2878,244,135,27,26,NA,NA,"Sep 30, 2021"
"279",2021-12-31,"Nebraska","Cumulative from 2020, Quarter 2 through 2021, Quarter 4",3653,281,166,33,37,NA,NA,"Dec 31, 2021"
"280",2022-03-31,"Nebraska","Cumulative from 2020, Quarter 2 through 2022, Quarter 1",4311,306,193,37,48,NA,NA,"Mar 31, 2022"
"281",2020-03-31,"Nevada","2020, Quarter 1",16,NA,NA,NA,0,NA,NA,"Mar 31, 2020"
"282",2020-06-30,"Nevada","2020, Quarter 2",234,109,74,72,NA,NA,NA,"Jun 30, 2020"
"283",2020-09-30,"Nevada","Cumulative from 2020, Quarter 2 through 2020, Quarter 3",675,469,194,199,13,NA,10,"Sep 30, 2020"
"284",2020-12-31,"Nevada","Cumulative from 2020, Quarter 2 through 2020, Quarter 4",1739,948,351,376,47,NA,27,"Dec 31, 2020"
"285",2021-03-31,"Nevada","Cumulative from 2020, Quarter 2 through 2021, Quarter 1",2797,1388,518,599,61,NA,57,"Mar 31, 2021"
"286",2021-06-30,"Nevada","Cumulative from 2020, Quarter 2 through 2021, Quarter 2",3004,1462,577,640,67,NA,66,"Jun 30, 2021"
"287",2021-09-30,"Nevada","Cumulative from 2020, Quarter 2 through 2021, Quarter 3",4053,1789,811,774,81,NA,114,"Sep 30, 2021"
"288",2021-12-31,"Nevada","Cumulative from 2020, Quarter 2 through 2021, Quarter 4",4978,2048,929,863,108,NA,133,"Dec 31, 2021"
"289",2022-03-31,"Nevada","Cumulative from 2020, Quarter 2 through 2022, Quarter 1",6073,2339,1112,1015,137,NA,146,"Mar 31, 2022"
"290",2020-03-31,"New Hampshire","2020, Quarter 1",NA,NA,0,NA,NA,NA,NA,"Mar 31, 2020"
"291",2020-06-30,"New Hampshire","2020, Quarter 2",349,NA,NA,NA,NA,NA,NA,"Jun 30, 2020"
"292",2020-09-30,"New Hampshire","Cumulative from 2020, Quarter 2 through 2020, Quarter 3",402,11,NA,NA,0,NA,0,"Sep 30, 2020"
"293",2020-12-31,"New Hampshire","Cumulative from 2020, Quarter 2 through 2020, Quarter 4",770,22,10,10,0,NA,0,"Dec 31, 2020"
"294",2021-03-31,"New Hampshire","Cumulative from 2020, Quarter 2 through 2021, Quarter 1",1203,30,12,14,0,NA,0,"Mar 31, 2021"
"295",2021-06-30,"New Hampshire","Cumulative from 2020, Quarter 2 through 2021, Quarter 2",1286,33,13,15,0,NA,0,"Jun 30, 2021"
"296",2021-09-30,"New Hampshire","Cumulative from 2020, Quarter 2 through 2021, Quarter 3",1394,35,15,15,0,NA,0,"Sep 30, 2021"
"297",2021-12-31,"New Hampshire","Cumulative from 2020, Quarter 2 through 2021, Quarter 4",1926,44,17,18,NA,NA,0,"Dec 31, 2021"
"298",2022-03-31,"New Hampshire","Cumulative from 2020, Quarter 2 through 2022, Quarter 1",2327,54,21,21,NA,NA,0,"Mar 31, 2022"
"299",2020-03-31,"New Jersey","2020, Quarter 1",413,107,116,60,0,NA,0,"Mar 31, 2020"
"300",2020-06-30,"New Jersey","2020, Quarter 2",7529,2909,2543,849,10,NA,NA,"Jun 30, 2020"
"301",2020-09-30,"New Jersey","Cumulative from 2020, Quarter 2 through 2020, Quarter 3",7901,3039,2646,883,10,NA,NA,"Sep 30, 2020"
"302",2020-12-31,"New Jersey","Cumulative from 2020, Quarter 2 through 2020, Quarter 4",10053,3810,3108,1085,14,NA,NA,"Dec 31, 2020"
"303",2021-03-31,"New Jersey","Cumulative from 2020, Quarter 2 through 2021, Quarter 1",13100,4729,3796,1381,16,NA,NA,"Mar 31, 2021"
"304",2021-06-30,"New Jersey","Cumulative from 2020, Quarter 2 through 2021, Quarter 2",13946,5113,4170,1481,18,NA,NA,"Jun 30, 2021"
"305",2021-09-30,"New Jersey","Cumulative from 2020, Quarter 2 through 2021, Quarter 3",14647,5251,4354,1517,20,NA,NA,"Sep 30, 2021"
"306",2021-12-31,"New Jersey","Cumulative from 2020, Quarter 2 through 2021, Quarter 4",15860,5474,4663,1590,22,NA,NA,"Dec 31, 2021"
"307",2022-03-31,"New Jersey","Cumulative from 2020, Quarter 2 through 2022, Quarter 1",18600,5973,5323,1714,22,NA,NA,"Mar 31, 2022"
"308",2020-03-31,"New Mexico","2020, Quarter 1",NA,NA,0,NA,NA,NA,NA,"Mar 31, 2020"
"309",2020-06-30,"New Mexico","2020, Quarter 2",125,70,NA,NA,357,NA,0,"Jun 30, 2020"
"310",2020-09-30,"New Mexico","Cumulative from 2020, Quarter 2 through 2020, Quarter 3",199,172,NA,NA,489,NA,0,"Sep 30, 2020"
"311",2020-12-31,"New Mexico","Cumulative from 2020, Quarter 2 through 2020, Quarter 4",789,1096,36,16,924,NA,NA,"Dec 31, 2020"
"312",2021-03-31,"New Mexico","Cumulative from 2020, Quarter 2 through 2021, Quarter 1",1103,1560,49,21,1273,NA,NA,"Mar 31, 2021"
"313",2021-06-30,"New Mexico","Cumulative from 2020, Quarter 2 through 2021, Quarter 2",1170,1668,51,22,1310,NA,NA,"Jun 30, 2021"
"314",2021-09-30,"New Mexico","Cumulative from 2020, Quarter 2 through 2021, Quarter 3",1406,1962,68,27,1392,NA,NA,"Sep 30, 2021"
"315",2021-12-31,"New Mexico","Cumulative from 2020, Quarter 2 through 2021, Quarter 4",2019,2769,85,40,1594,NA,NA,"Dec 31, 2021"
"316",2022-03-31,"New Mexico","Cumulative from 2020, Quarter 2 through 2022, Quarter 1",2463,3289,105,47,1726,NA,NA,"Mar 31, 2022"
"317",2020-03-31,"New York","2020, Quarter 1",1000,736,843,227,0,NA,0,"Mar 31, 2020"
"318",2020-06-30,"New York","2020, Quarter 2",12502,8112,7749,2451,20,NA,0,"Jun 30, 2020"
"319",2020-09-30,"New York","Cumulative from 2020, Quarter 2 through 2020, Quarter 3",13014,8281,7904,2502,21,NA,0,"Sep 30, 2020"
"320",2020-12-31,"New York","Cumulative from 2020, Quarter 2 through 2020, Quarter 4",17246,8921,8467,2754,39,NA,0,"Dec 31, 2020"
"321",2021-03-31,"New York","Cumulative from 2020, Quarter 2 through 2021, Quarter 1",25224,11029,10312,3829,58,NA,0,"Mar 31, 2021"
"322",2021-06-30,"New York","Cumulative from 2020, Quarter 2 through 2021, Quarter 2",26848,11702,11073,4119,61,NA,0,"Jun 30, 2021"
"323",2021-09-30,"New York","Cumulative from 2020, Quarter 2 through 2021, Quarter 3",28241,11987,11494,4201,65,NA,0,"Sep 30, 2021"
"324",2021-12-31,"New York","Cumulative from 2020, Quarter 2 through 2021, Quarter 4",31988,12421,12151,4350,91,NA,0,"Dec 31, 2021"
"325",2022-03-31,"New York","Cumulative from 2020, Quarter 2 through 2022, Quarter 1",36973,13573,13623,4826,109,NA,0,"Mar 31, 2022"
"326",2020-03-31,"North Carolina","2020, Quarter 1",16,NA,NA,NA,0,NA,0,"Mar 31, 2020"
"327",2020-06-30,"North Carolina","2020, Quarter 2",787,146,490,25,18,NA,NA,"Jun 30, 2020"
"328",2020-09-30,"North Carolina","Cumulative from 2020, Quarter 2 through 2020, Quarter 3",2302,328,1241,64,51,NA,NA,"Sep 30, 2020"
"329",2020-12-31,"North Carolina","Cumulative from 2020, Quarter 2 through 2020, Quarter 4",5691,502,2338,109,109,NA,NA,"Dec 31, 2020"
"330",2021-03-31,"North Carolina","Cumulative from 2020, Quarter 2 through 2021, Quarter 1",9935,708,3790,175,170,NA,NA,"Mar 31, 2021"
"331",2021-06-30,"North Carolina","Cumulative from 2020, Quarter 2 through 2021, Quarter 2",10757,765,4148,189,193,NA,10,"Jun 30, 2021"
"332",2021-09-30,"North Carolina","Cumulative from 2020, Quarter 2 through 2021, Quarter 3",14052,963,5102,229,285,NA,15,"Sep 30, 2021"
"333",2021-12-31,"North Carolina","Cumulative from 2020, Quarter 2 through 2021, Quarter 4",16502,1118,5685,258,336,NA,16,"Dec 31, 2021"
"334",2022-03-31,"North Carolina","Cumulative from 2020, Quarter 2 through 2022, Quarter 1",19672,1258,6483,295,390,NA,18,"Mar 31, 2022"
"335",2020-03-31,"North Dakota","2020, Quarter 1",NA,0,0,0,0,NA,0,"Mar 31, 2020"
"336",2020-06-30,"North Dakota","2020, Quarter 2",80,NA,NA,NA,13,NA,NA,"Jun 30, 2020"
"337",2020-09-30,"North Dakota","Cumulative from 2020, Quarter 2 through 2020, Quarter 3",236,NA,NA,NA,37,NA,0,"Sep 30, 2020"
"338",2020-12-31,"North Dakota","Cumulative from 2020, Quarter 2 through 2020, Quarter 4",1331,28,10,NA,125,NA,0,"Dec 31, 2020"
"339",2021-03-31,"North Dakota","Cumulative from 2020, Quarter 2 through 2021, Quarter 1",1463,30,10,NA,143,NA,0,"Mar 31, 2021"
"340",2021-06-30,"North Dakota","Cumulative from 2020, Quarter 2 through 2021, Quarter 2",1535,33,12,NA,157,NA,0,"Jun 30, 2021"
"341",2021-09-30,"North Dakota","Cumulative from 2020, Quarter 2 through 2021, Quarter 3",1650,38,13,NA,168,NA,0,"Sep 30, 2021"
"342",2021-12-31,"North Dakota","Cumulative from 2020, Quarter 2 through 2021, Quarter 4",2135,53,15,NA,216,NA,0,"Dec 31, 2021"
"343",2022-03-31,"North Dakota","Cumulative from 2020, Quarter 2 through 2022, Quarter 1",2380,59,20,NA,252,NA,0,"Mar 31, 2022"
"344",2020-03-31,"Ohio","2020, Quarter 1",82,NA,14,0,0,NA,0,"Mar 31, 2020"
"345",2020-06-30,"Ohio","2020, Quarter 2",2201,54,580,36,NA,NA,0,"Jun 30, 2020"
"346",2020-09-30,"Ohio","Cumulative from 2020, Quarter 2 through 2020, Quarter 3",3871,103,936,58,NA,NA,0,"Sep 30, 2020"
"347",2020-12-31,"Ohio","Cumulative from 2020, Quarter 2 through 2020, Quarter 4",12738,255,1931,141,10,NA,NA,"Dec 31, 2020"
"348",2021-03-31,"Ohio","Cumulative from 2020, Quarter 2 through 2021, Quarter 1",18375,377,2716,193,13,NA,NA,"Mar 31, 2021"
"349",2021-06-30,"Ohio","Cumulative from 2020, Quarter 2 through 2021, Quarter 2",19569,418,3003,207,15,NA,NA,"Jun 30, 2021"
"350",2021-09-30,"Ohio","Cumulative from 2020, Quarter 2 through 2021, Quarter 3",22445,482,3392,228,18,NA,NA,"Sep 30, 2021"
"351",2021-12-31,"Ohio","Cumulative from 2020, Quarter 2 through 2021, Quarter 4",30196,651,4373,288,27,NA,NA,"Dec 31, 2021"
"352",2022-03-31,"Ohio","Cumulative from 2020, Quarter 2 through 2022, Quarter 1",36720,772,5268,326,32,NA,NA,"Mar 31, 2022"
"353",2020-03-31,"Oklahoma","2020, Quarter 1",31,NA,NA,NA,NA,NA,0,"Mar 31, 2020"
"354",2020-06-30,"Oklahoma","2020, Quarter 2",311,25,33,NA,39,NA,NA,"Jun 30, 2020"
"355",2020-09-30,"Oklahoma","Cumulative from 2020, Quarter 2 through 2020, Quarter 3",932,100,93,23,159,NA,15,"Sep 30, 2020"
"356",2020-12-31,"Oklahoma","Cumulative from 2020, Quarter 2 through 2020, Quarter 4",3827,332,351,64,533,NA,19,"Dec 31, 2020"
"357",2021-03-31,"Oklahoma","Cumulative from 2020, Quarter 2 through 2021, Quarter 1",6042,520,567,102,852,NA,23,"Mar 31, 2021"
"358",2021-06-30,"Oklahoma","Cumulative from 2020, Quarter 2 through 2021, Quarter 2",6324,544,604,110,896,NA,25,"Jun 30, 2021"
"359",2021-09-30,"Oklahoma","Cumulative from 2020, Quarter 2 through 2021, Quarter 3",8185,707,793,132,1172,NA,29,"Sep 30, 2021"
"360",2021-12-31,"Oklahoma","Cumulative from 2020, Quarter 2 through 2021, Quarter 4",9483,823,907,152,1314,NA,35,"Dec 31, 2021"
"361",2022-03-31,"Oklahoma","Cumulative from 2020, Quarter 2 through 2022, Quarter 1",11658,943,1107,177,1552,NA,39,"Mar 31, 2022"
"362",2020-03-31,"Oregon","2020, Quarter 1",25,0,NA,NA,NA,NA,0,"Mar 31, 2020"
"363",2020-06-30,"Oregon","2020, Quarter 2",193,32,NA,11,NA,NA,NA,"Jun 30, 2020"
"364",2020-09-30,"Oregon","Cumulative from 2020, Quarter 2 through 2020, Quarter 3",423,87,12,21,15,NA,NA,"Sep 30, 2020"
"365",2020-12-31,"Oregon","Cumulative from 2020, Quarter 2 through 2020, Quarter 4",1260,188,35,67,33,NA,15,"Dec 31, 2020"
"366",2021-03-31,"Oregon","Cumulative from 2020, Quarter 2 through 2021, Quarter 1",1877,264,47,83,48,NA,19,"Mar 31, 2021"
"367",2021-06-30,"Oregon","Cumulative from 2020, Quarter 2 through 2021, Quarter 2",2240,303,61,91,67,NA,22,"Jun 30, 2021"
"368",2021-09-30,"Oregon","Cumulative from 2020, Quarter 2 through 2021, Quarter 3",3622,413,82,117,104,NA,29,"Sep 30, 2021"
"369",2021-12-31,"Oregon","Cumulative from 2020, Quarter 2 through 2021, Quarter 4",4760,522,111,139,127,NA,40,"Dec 31, 2021"
"370",2022-03-31,"Oregon","Cumulative from 2020, Quarter 2 through 2022, Quarter 1",5927,601,136,172,147,NA,47,"Mar 31, 2022"
"371",2020-03-31,"Pennsylvania","2020, Quarter 1",69,NA,24,NA,0,NA,0,"Mar 31, 2020"
"372",2020-06-30,"Pennsylvania","2020, Quarter 2",4947,420,1576,170,NA,NA,0,"Jun 30, 2020"
"373",2020-09-30,"Pennsylvania","Cumulative from 2020, Quarter 2 through 2020, Quarter 3",6089,495,1759,188,NA,NA,0,"Sep 30, 2020"
"374",2020-12-31,"Pennsylvania","Cumulative from 2020, Quarter 2 through 2020, Quarter 4",14645,795,2566,340,NA,NA,NA,"Dec 31, 2020"
"375",2021-03-31,"Pennsylvania","Cumulative from 2020, Quarter 2 through 2021, Quarter 1",21295,1066,3212,497,NA,NA,NA,"Mar 31, 2021"
"376",2021-06-30,"Pennsylvania","Cumulative from 2020, Quarter 2 through 2021, Quarter 2",23140,1193,3655,556,11,NA,NA,"Jun 30, 2021"
"377",2021-09-30,"Pennsylvania","Cumulative from 2020, Quarter 2 through 2021, Quarter 3",24959,1277,3864,575,14,NA,NA,"Sep 30, 2021"
"378",2021-12-31,"Pennsylvania","Cumulative from 2020, Quarter 2 through 2021, Quarter 4",32304,1505,4357,630,24,NA,NA,"Dec 31, 2021"
"379",2022-03-31,"Pennsylvania","Cumulative from 2020, Quarter 2 through 2022, Quarter 1",38057,1768,5094,727,32,NA,NA,"Mar 31, 2022"
"380",2020-03-31,"Rhode Island","2020, Quarter 1",NA,NA,NA,0,0,NA,NA,"Mar 31, 2020"
"381",2020-06-30,"Rhode Island","2020, Quarter 2",814,77,56,17,NA,NA,NA,"Jun 30, 2020"
"382",2020-09-30,"Rhode Island","Cumulative from 2020, Quarter 2 through 2020, Quarter 3",914,95,65,20,NA,NA,NA,"Sep 30, 2020"
"383",2020-12-31,"Rhode Island","Cumulative from 2020, Quarter 2 through 2020, Quarter 4",1605,161,95,38,NA,NA,NA,"Dec 31, 2020"
"384",2021-03-31,"Rhode Island","Cumulative from 2020, Quarter 2 through 2021, Quarter 1",2197,214,115,60,NA,NA,NA,"Mar 31, 2021"
"385",2021-06-30,"Rhode Island","Cumulative from 2020, Quarter 2 through 2021, Quarter 2",2280,224,123,66,12,NA,NA,"Jun 30, 2021"
"386",2021-09-30,"Rhode Island","Cumulative from 2020, Quarter 2 through 2021, Quarter 3",2374,228,129,67,13,NA,NA,"Sep 30, 2021"
"387",2021-12-31,"Rhode Island","Cumulative from 2020, Quarter 2 through 2021, Quarter 4",2625,256,140,72,14,NA,NA,"Dec 31, 2021"
"388",2022-03-31,"Rhode Island","Cumulative from 2020, Quarter 2 through 2022, Quarter 1",3016,284,157,80,15,NA,NA,"Mar 31, 2022"
"389",2020-03-31,"South Carolina","2020, Quarter 1",16,0,18,0,0,NA,0,"Mar 31, 2020"
"390",2020-06-30,"South Carolina","2020, Quarter 2",408,27,408,NA,NA,NA,NA,"Jun 30, 2020"
"391",2020-09-30,"South Carolina","Cumulative from 2020, Quarter 2 through 2020, Quarter 3",1945,109,1398,24,10,NA,NA,"Sep 30, 2020"
"392",2020-12-31,"South Carolina","Cumulative from 2020, Quarter 2 through 2020, Quarter 4",3513,145,1973,45,16,NA,NA,"Dec 31, 2020"
"393",2021-03-31,"South Carolina","Cumulative from 2020, Quarter 2 through 2021, Quarter 1",5970,217,3052,71,24,NA,NA,"Mar 31, 2021"
"394",2021-06-30,"South Carolina","Cumulative from 2020, Quarter 2 through 2021, Quarter 2",6376,236,3267,76,29,NA,NA,"Jun 30, 2021"
"395",2021-09-30,"South Carolina","Cumulative from 2020, Quarter 2 through 2021, Quarter 3",8637,354,4118,95,41,NA,NA,"Sep 30, 2021"
"396",2021-12-31,"South Carolina","Cumulative from 2020, Quarter 2 through 2021, Quarter 4",10058,413,4526,104,50,NA,NA,"Dec 31, 2021"
"397",2022-03-31,"South Carolina","Cumulative from 2020, Quarter 2 through 2022, Quarter 1",11929,460,5190,124,54,NA,NA,"Mar 31, 2022"
"398",2020-03-31,"South Dakota","2020, Quarter 1",NA,0,0,0,0,NA,NA,"Mar 31, 2020"
"399",2020-06-30,"South Dakota","2020, Quarter 2",70,NA,NA,NA,22,NA,0,"Jun 30, 2020"
"400",2020-09-30,"South Dakota","Cumulative from 2020, Quarter 2 through 2020, Quarter 3",243,NA,NA,10,56,NA,0,"Sep 30, 2020"
"401",2020-12-31,"South Dakota","Cumulative from 2020, Quarter 2 through 2020, Quarter 4",1463,20,NA,18,201,NA,NA,"Dec 31, 2020"
"402",2021-03-31,"South Dakota","Cumulative from 2020, Quarter 2 through 2021, Quarter 1",1716,25,NA,19,237,NA,NA,"Mar 31, 2021"
"403",2021-06-30,"South Dakota","Cumulative from 2020, Quarter 2 through 2021, Quarter 2",1793,26,NA,20,245,NA,NA,"Jun 30, 2021"
"404",2021-09-30,"South Dakota","Cumulative from 2020, Quarter 2 through 2021, Quarter 3",1928,32,10,21,264,NA,NA,"Sep 30, 2021"
"405",2021-12-31,"South Dakota","Cumulative from 2020, Quarter 2 through 2021, Quarter 4",2287,43,16,27,315,NA,NA,"Dec 31, 2021"
"406",2022-03-31,"South Dakota","Cumulative from 2020, Quarter 2 through 2022, Quarter 1",2580,52,19,27,363,NA,NA,"Mar 31, 2022"
"407",2020-03-31,"Tennessee","2020, Quarter 1",17,NA,15,NA,0,NA,0,"Mar 31, 2020"
"408",2020-06-30,"Tennessee","2020, Quarter 2",332,61,222,13,NA,NA,0,"Jun 30, 2020"
"409",2020-09-30,"Tennessee","Cumulative from 2020, Quarter 2 through 2020, Quarter 3",1732,150,748,23,NA,NA,NA,"Sep 30, 2020"
"410",2020-12-31,"Tennessee","Cumulative from 2020, Quarter 2 through 2020, Quarter 4",6059,241,1546,49,NA,NA,NA,"Dec 31, 2020"
"411",2021-03-31,"Tennessee","Cumulative from 2020, Quarter 2 through 2021, Quarter 1",9616,335,2217,95,10,NA,NA,"Mar 31, 2021"
"412",2021-06-30,"Tennessee","Cumulative from 2020, Quarter 2 through 2021, Quarter 2",10476,364,2459,104,12,NA,NA,"Jun 30, 2021"
"413",2021-09-30,"Tennessee","Cumulative from 2020, Quarter 2 through 2021, Quarter 3",14364,500,3361,126,23,NA,12,"Sep 30, 2021"
"414",2021-12-31,"Tennessee","Cumulative from 2020, Quarter 2 through 2021, Quarter 4",17004,602,3742,152,31,NA,15,"Dec 31, 2021"
"415",2022-03-31,"Tennessee","Cumulative from 2020, Quarter 2 through 2022, Quarter 1",20732,667,4311,173,34,NA,18,"Mar 31, 2022"
"416",2020-03-31,"Texas","2020, Quarter 1",44,25,29,NA,0,NA,0,"Mar 31, 2020"
"417",2020-06-30,"Texas","2020, Quarter 2",1199,1441,664,107,NA,NA,NA,"Jun 30, 2020"
"418",2020-09-30,"Texas","Cumulative from 2020, Quarter 2 through 2020, Quarter 3",5536,9913,2033,339,34,NA,10,"Sep 30, 2020"
"419",2020-12-31,"Texas","Cumulative from 2020, Quarter 2 through 2020, Quarter 4",13038,16262,3472,629,64,NA,20,"Dec 31, 2020"
"420",2021-03-31,"Texas","Cumulative from 2020, Quarter 2 through 2021, Quarter 1",22043,23922,5460,1109,93,NA,31,"Mar 31, 2021"
"421",2021-06-30,"Texas","Cumulative from 2020, Quarter 2 through 2021, Quarter 2",23427,25405,5911,1198,98,NA,35,"Jun 30, 2021"
"422",2021-09-30,"Texas","Cumulative from 2020, Quarter 2 through 2021, Quarter 3",32257,31604,8021,1399,134,NA,56,"Sep 30, 2021"
"423",2021-12-31,"Texas","Cumulative from 2020, Quarter 2 through 2021, Quarter 4",36544,34835,8937,1524,169,NA,69,"Dec 31, 2021"
"424",2022-03-31,"Texas","Cumulative from 2020, Quarter 2 through 2022, Quarter 1",43399,38691,10186,1779,203,NA,84,"Mar 31, 2022"
"425",2020-03-31,"Utah","2020, Quarter 1",NA,NA,0,NA,0,NA,0,"Mar 31, 2020"
"426",2020-06-30,"Utah","2020, Quarter 2",103,47,NA,NA,12,NA,11,"Jun 30, 2020"
"427",2020-09-30,"Utah","Cumulative from 2020, Quarter 2 through 2020, Quarter 3",289,112,NA,22,37,NA,28,"Sep 30, 2020"
"428",2020-12-31,"Utah","Cumulative from 2020, Quarter 2 through 2020, Quarter 4",1176,276,15,45,72,NA,55,"Dec 31, 2020"
"429",2021-03-31,"Utah","Cumulative from 2020, Quarter 2 through 2021, Quarter 1",1733,366,19,69,93,NA,72,"Mar 31, 2021"
"430",2021-06-30,"Utah","Cumulative from 2020, Quarter 2 through 2021, Quarter 2",1869,397,23,77,95,NA,80,"Jun 30, 2021"
"431",2021-09-30,"Utah","Cumulative from 2020, Quarter 2 through 2021, Quarter 3",2419,486,28,84,113,NA,108,"Sep 30, 2021"
"432",2021-12-31,"Utah","Cumulative from 2020, Quarter 2 through 2021, Quarter 4",3282,588,36,96,153,NA,125,"Dec 31, 2021"
"433",2022-03-31,"Utah","Cumulative from 2020, Quarter 2 through 2022, Quarter 1",3915,675,42,110,171,NA,137,"Mar 31, 2022"
"434",2020-03-31,"Vermont","2020, Quarter 1",16,0,0,0,0,NA,NA,"Mar 31, 2020"
"435",2020-06-30,"Vermont","2020, Quarter 2",59,0,0,NA,0,NA,NA,"Jun 30, 2020"
"436",2020-09-30,"Vermont","Cumulative from 2020, Quarter 2 through 2020, Quarter 3",61,0,0,NA,0,NA,NA,"Sep 30, 2020"
"437",2020-12-31,"Vermont","Cumulative from 2020, Quarter 2 through 2020, Quarter 4",143,0,NA,NA,NA,NA,NA,"Dec 31, 2020"
"438",2021-03-31,"Vermont","Cumulative from 2020, Quarter 2 through 2021, Quarter 1",214,NA,NA,NA,NA,NA,NA,"Mar 31, 2021"
"439",2021-06-30,"Vermont","Cumulative from 2020, Quarter 2 through 2021, Quarter 2",237,NA,NA,NA,NA,NA,NA,"Jun 30, 2021"
"440",2021-09-30,"Vermont","Cumulative from 2020, Quarter 2 through 2021, Quarter 3",300,NA,NA,NA,NA,NA,NA,"Sep 30, 2021"
"441",2021-12-31,"Vermont","Cumulative from 2020, Quarter 2 through 2021, Quarter 4",446,NA,NA,NA,NA,NA,0,"Dec 31, 2021"
"442",2022-03-31,"Vermont","Cumulative from 2020, Quarter 2 through 2022, Quarter 1",593,NA,NA,NA,NA,NA,0,"Mar 31, 2022"
"443",2020-03-31,"Virginia","2020, Quarter 1",38,NA,17,NA,0,NA,0,"Mar 31, 2020"
"444",2020-06-30,"Virginia","2020, Quarter 2",1172,245,508,122,NA,NA,0,"Jun 30, 2020"
"445",2020-09-30,"Virginia","Cumulative from 2020, Quarter 2 through 2020, Quarter 3",1898,334,970,151,NA,NA,0,"Sep 30, 2020"
"446",2020-12-31,"Virginia","Cumulative from 2020, Quarter 2 through 2020, Quarter 4",3868,487,1521,229,NA,NA,0,"Dec 31, 2020"
"447",2021-03-31,"Virginia","Cumulative from 2020, Quarter 2 through 2021, Quarter 1",6542,688,2547,393,12,NA,NA,"Mar 31, 2021"
"448",2021-06-30,"Virginia","Cumulative from 2020, Quarter 2 through 2021, Quarter 2",7124,746,2826,432,13,NA,NA,"Jun 30, 2021"
"449",2021-09-30,"Virginia","Cumulative from 2020, Quarter 2 through 2021, Quarter 3",8449,816,3310,447,17,NA,NA,"Sep 30, 2021"
"450",2021-12-31,"Virginia","Cumulative from 2020, Quarter 2 through 2021, Quarter 4",10388,900,3767,486,18,NA,NA,"Dec 31, 2021"
"451",2022-03-31,"Virginia","Cumulative from 2020, Quarter 2 through 2022, Quarter 1",12922,1033,4482,565,28,NA,NA,"Mar 31, 2022"
"452",2020-03-31,"Washington","2020, Quarter 1",230,14,NA,37,NA,NA,NA,"Mar 31, 2020"
"453",2020-06-30,"Washington","2020, Quarter 2",898,165,39,114,25,NA,11,"Jun 30, 2020"
"454",2020-09-30,"Washington","Cumulative from 2020, Quarter 2 through 2020, Quarter 3",1395,303,64,152,57,NA,34,"Sep 30, 2020"
"455",2020-12-31,"Washington","Cumulative from 2020, Quarter 2 through 2020, Quarter 4",2638,467,124,263,95,NA,61,"Dec 31, 2020"
"456",2021-03-31,"Washington","Cumulative from 2020, Quarter 2 through 2021, Quarter 1",3640,603,164,389,133,NA,87,"Mar 31, 2021"
"457",2021-06-30,"Washington","Cumulative from 2020, Quarter 2 through 2021, Quarter 2",4118,685,208,441,155,NA,107,"Jun 30, 2021"
"458",2021-09-30,"Washington","Cumulative from 2020, Quarter 2 through 2021, Quarter 3",5708,871,270,516,205,NA,152,"Sep 30, 2021"
"459",2021-12-31,"Washington","Cumulative from 2020, Quarter 2 through 2021, Quarter 4",7321,1030,331,575,254,NA,186,"Dec 31, 2021"
"460",2022-03-31,"Washington","Cumulative from 2020, Quarter 2 through 2022, Quarter 1",9016,1170,406,677,304,NA,223,"Mar 31, 2022"
"461",2020-03-31,"West Virginia","2020, Quarter 1",NA,0,NA,0,0,NA,0,"Mar 31, 2020"
"462",2020-06-30,"West Virginia","2020, Quarter 2",95,0,NA,NA,0,NA,0,"Jun 30, 2020"
"463",2020-09-30,"West Virginia","Cumulative from 2020, Quarter 2 through 2020, Quarter 3",342,0,13,NA,NA,NA,0,"Sep 30, 2020"
"464",2020-12-31,"West Virginia","Cumulative from 2020, Quarter 2 through 2020, Quarter 4",1498,NA,47,NA,NA,NA,0,"Dec 31, 2020"
"465",2021-03-31,"West Virginia","Cumulative from 2020, Quarter 2 through 2021, Quarter 1",2559,NA,84,NA,NA,NA,NA,"Mar 31, 2021"
"466",2021-06-30,"West Virginia","Cumulative from 2020, Quarter 2 through 2021, Quarter 2",2877,11,101,NA,NA,NA,NA,"Jun 30, 2021"
"467",2021-09-30,"West Virginia","Cumulative from 2020, Quarter 2 through 2021, Quarter 3",3793,17,124,11,NA,NA,NA,"Sep 30, 2021"
"468",2021-12-31,"West Virginia","Cumulative from 2020, Quarter 2 through 2021, Quarter 4",5224,30,160,15,NA,NA,NA,"Dec 31, 2021"
"469",2022-03-31,"West Virginia","Cumulative from 2020, Quarter 2 through 2022, Quarter 1",6502,33,207,19,NA,NA,NA,"Mar 31, 2022"
"470",2020-03-31,"Wisconsin","2020, Quarter 1",20,NA,20,NA,0,NA,0,"Mar 31, 2020"
"471",2020-06-30,"Wisconsin","2020, Quarter 2",488,91,194,23,NA,NA,0,"Jun 30, 2020"
"472",2020-09-30,"Wisconsin","Cumulative from 2020, Quarter 2 through 2020, Quarter 3",943,152,237,40,12,NA,NA,"Sep 30, 2020"
"473",2020-12-31,"Wisconsin","Cumulative from 2020, Quarter 2 through 2020, Quarter 4",5326,333,426,106,78,NA,NA,"Dec 31, 2020"
"474",2021-03-31,"Wisconsin","Cumulative from 2020, Quarter 2 through 2021, Quarter 1",6777,388,509,134,96,NA,NA,"Mar 31, 2021"
"475",2021-06-30,"Wisconsin","Cumulative from 2020, Quarter 2 through 2021, Quarter 2",7123,415,554,141,102,NA,NA,"Jun 30, 2021"
"476",2021-09-30,"Wisconsin","Cumulative from 2020, Quarter 2 through 2021, Quarter 3",7984,457,642,167,114,NA,NA,"Sep 30, 2021"
"477",2021-12-31,"Wisconsin","Cumulative from 2020, Quarter 2 through 2021, Quarter 4",10574,562,818,220,143,NA,NA,"Dec 31, 2021"
"478",2022-03-31,"Wisconsin","Cumulative from 2020, Quarter 2 through 2022, Quarter 1",12492,659,982,261,166,NA,NA,"Mar 31, 2022"
"479",2020-03-31,"Wyoming","2020, Quarter 1",0,0,0,0,0,NA,0,"Mar 31, 2020"
"480",2020-06-30,"Wyoming","2020, Quarter 2",NA,NA,0,0,NA,NA,0,"Jun 30, 2020"
"481",2020-09-30,"Wyoming","Cumulative from 2020, Quarter 2 through 2020, Quarter 3",24,NA,0,0,14,NA,0,"Sep 30, 2020"
"482",2020-12-31,"Wyoming","Cumulative from 2020, Quarter 2 through 2020, Quarter 4",371,41,NA,NA,40,NA,0,"Dec 31, 2020"
"483",2021-03-31,"Wyoming","Cumulative from 2020, Quarter 2 through 2021, Quarter 1",512,55,NA,NA,45,NA,0,"Mar 31, 2021"
"484",2021-06-30,"Wyoming","Cumulative from 2020, Quarter 2 through 2021, Quarter 2",549,62,NA,NA,50,NA,0,"Jun 30, 2021"
"485",2021-09-30,"Wyoming","Cumulative from 2020, Quarter 2 through 2021, Quarter 3",804,89,NA,NA,59,NA,0,"Sep 30, 2021"
"486",2021-12-31,"Wyoming","Cumulative from 2020, Quarter 2 through 2021, Quarter 4",1197,126,NA,NA,76,NA,NA,"Dec 31, 2021"
"487",2022-03-31,"Wyoming","Cumulative from 2020, Quarter 2 through 2022, Quarter 1",1351,140,10,NA,82,NA,NA,"Mar 31, 2022"
